ETM Var no.,Euclidean Independent?,Equivalent?,Simplex / SYNsimplex,Simplex count,Simplex group size,Remove/set as X,Synthetic?,Design VAR no.,Section,Subsection,Category,Subcategory,Subcategory 2,Subcategory 3,Range formula,Min,Max,Min formula,Max formula,Unnamed: 20,Unnamed: 21,Unnamed: 22
1,Euclidean Independent,,,,,,,1,Demand,Households,Population & Housing Stock,Population,,,Current +/- 20%,55.38,83.08,55.384,83.076,,,
2,Euclidean Independent,,,,,,,2,Demand,Households,Population & Housing Stock,Number of apartments,New residences,,Current +/- 20%,4.96,6.98,4.96496,6.97872,,,
8.RATIOEQ.2,,Equivalent,,,,,,3,Demand,Households,Population & Housing Stock,Number of detached houses,New residences,,Current +/- 20%,12.52,18.77,12.51536,18.77304,,,
14.RATIOEQ.2,,Equivalent,,,,,,4,Demand,Households,Population & Housing Stock,Number of terraced houses,New residences,,Current +/- 20%,5.31,7.96,5.30816,7.96224,,,
20,Euclidean Independent,,,,,,,5,Demand,Households,Heat demand & insulation,Typical heat demand apartments,New residences,,Current to -50%,13,26,13,26,,,
21,Euclidean Independent,,,,,,,6,Demand,Households,Heat demand & insulation,Typical heat demand apartments,2005 - present,,Current to -50%,13,26,13,26,,,
22,Euclidean Independent,,,,,,,7,Demand,Households,Heat demand & insulation,Typical heat demand apartments,1985 - 2004,,Current to -50%,19.5,39,19.5,39,,,
23,Euclidean Independent,,,,,,,8,Demand,Households,Heat demand & insulation,Typical heat demand apartments,1965 - 1984,,Current to -50%,29,58,29,58,,,
24,Euclidean Independent,,,,,,,9,Demand,Households,Heat demand & insulation,Typical heat demand apartments,1945 - 1964,,Current to -50%,44.5,89,44.5,89,,,
25,Euclidean Independent,,,,,,,10,Demand,Households,Heat demand & insulation,Typical heat demand apartments,< 1945,,Current to -50%,55.5,111,55.5,111,,,
26.RATIOEQ.20,,Equivalent,,,,,,11,Demand,Households,Heat demand & insulation,Typical heat demand detached houses,New residences,,"Same reduction, diff ref value",31,62,31,62,,,
27.RATIOEQ.21,,Equivalent,,,,,,12,Demand,Households,Heat demand & insulation,Typical heat demand detached houses,2005 - present,,"Same reduction, diff ref value",31,62,31,62,,,
28.RATIOEQ.22,,Equivalent,,,,,,13,Demand,Households,Heat demand & insulation,Typical heat demand detached houses,1985 - 2004,,"Same reduction, diff ref value",55,110,55,110,,,
29.RATIOEQ.23,,Equivalent,,,,,,14,Demand,Households,Heat demand & insulation,Typical heat demand detached houses,1965 - 1984,,"Same reduction, diff ref value",70.5,141,70.5,141,,,
30.RATIOEQ.24,,Equivalent,,,,,,15,Demand,Households,Heat demand & insulation,Typical heat demand detached houses,1945 - 1964,,"Same reduction, diff ref value",95,190,95,190,,,
31.RATIOEQ.25,,Equivalent,,,,,,16,Demand,Households,Heat demand & insulation,Typical heat demand detached houses,< 1945,,"Same reduction, diff ref value",105.5,211,105.5,211,,,
32.RATIOEQ.20,,Equivalent,,,,,,17,Demand,Households,Heat demand & insulation,Typical heat demand terraced houses,New residences,,"Same reduction, diff ref value",13,26,13,26,,,
33.RATIOEQ.21,,Equivalent,,,,,,18,Demand,Households,Heat demand & insulation,Typical heat demand terraced houses,2005 - present,,"Same reduction, diff ref value",13,26,13,26,,,
34.RATIOEQ.22,,Equivalent,,,,,,19,Demand,Households,Heat demand & insulation,Typical heat demand terraced houses,1985 - 2004,,"Same reduction, diff ref value",19.5,39,19.5,39,,,
35.RATIOEQ.23,,Equivalent,,,,,,20,Demand,Households,Heat demand & insulation,Typical heat demand terraced houses,1965 - 1984,,"Same reduction, diff ref value",29,58,29,58,,,
36.RATIOEQ.24,,Equivalent,,,,,,21,Demand,Households,Heat demand & insulation,Typical heat demand terraced houses,1945 - 1964,,"Same reduction, diff ref value",44.5,89,44.5,89,,,
37.RATIOEQ.25,,Equivalent,,,,,,22,Demand,Households,Heat demand & insulation,Typical heat demand terraced houses,< 1945,,"Same reduction, diff ref value",55.5,111,55.5,111,,,
39,,,Simplex,,,,,23,Demand,Households,Space heating & hot water,Space heating and hot water,Condensing combi boiler (gas),,0 to 100% simplex,0,100%,0,100,,,
44.COM.47,,,Simplex,1,,,,24,Demand,Households,Space heating & hot water,Space heating and hot water,Air heat pump,,0 to 100% simplex,0,100%,0,100,,,
45.COM.SYN.21,,,Simplex,1,,,,25,Demand,Households,Space heating & hot water,Space heating and hot water,Ground heat pump,,0 to 100% simplex,0,100%,0,100,,,
47,,,Simplex,1,,,,26,Demand,Households,Space heating & hot water,Space heating and hot water,Hybrid air heat pump (gas),,0 to 100% simplex,0,100%,0,100,,,
51,,,Simplex,1,,,,27,Demand,Households,Space heating & hot water,Space heating and hot water,Biomass boiler,,0 to 100% simplex,0,100%,0,100,,,
52.COM.51,,,Simplex,1,6,,,28,Demand,Households,Space heating & hot water,Space heating and hot water,Electric boiler,,0 to 100% simplex,0,100%,0,100,,,
56.EQ.45.COM.SYN.21,,,Simplex,1,,,,29,Demand,Households,Cooling,Ground heat pump,,,0 to 100% simplex,0,100%,0,100,,,
57.EQ.SYN.21,,,Simplex,1,,,,30,Demand,Households,Cooling,Air heat pump,, ,0 to 100% simplex,0,100%,0,100,,,
59.EQ.39+(SYNCOM.39*SYNCOM.SYN.20),,,Simplex,1,3,,,31,Demand,Households,Cooling,Airconditioning,,,0 to 100% simplex,0,100%,0,100,,,
60,,,Simplex,1,,,,32,Demand,Households,Cooking,Gas,,,0 to 100% simplex,0,100%,0,100,,,
63.COM.60,,,Simplex,1,2,,,33,Demand,Households,Cooking,Induction,,,0 to 100% simplex,0,100%,0,100,,,
65,Euclidean Independent,,,,,,,34,Demand,Households,Appliances,Dish washer,,,0 to +5% improvement pa,0,5%,0,5,,,
66.EQ.65.1,,Equivalent,,,,,,35,Demand,Households,Appliances,Fridge / Freezer,,,0 to +5% improvement pa,0,5%,0,5,,,
67.EQ.65.2,,Equivalent,,,,,,36,Demand,Households,Appliances,Washing machine,,,0 to +5% improvement pa,0,5%,0,5,,,
68.EQ.65.3,,Equivalent,,,,,,37,Demand,Households,Appliances,Dryer,,,0 to +5% improvement pa,0,5%,0,5,,,
69.EQ.65.4,,Equivalent,,,,,,38,Demand,Households,Appliances,Television,,,0 to +5% improvement pa,0,5%,0,5,,,
70.EQ.65.5,,Equivalent,,,,,,39,Demand,Households,Appliances,Vacuum cleaner,,,0 to +5% improvement pa,0,5%,0,5,,,
71.EQ.65.6,,Equivalent,,,,,,40,Demand,Households,Appliances,Computer / Media,,,0 to +5% improvement pa,0,5%,0,5,,,
72.EQ.65.7,,Equivalent,,,,,,41,Demand,Households,Appliances,Other,,,0 to +5% improvement pa,0,5%,0,5,,,
76,Euclidean Independent,,,,,,,42,Demand,Households,Development of demand,Per person,Hot water,,0 to +5% pa (excl. efficiency),0,5%,0,5,,,
77.EQ.76.1,,Equivalent,,,,,,43,Demand,Households,Development of demand,Per person,Electric appliances,,0 to +5% pa (excl. efficiency),0,5%,0,5,,,
78.EQ.76.2,,Equivalent,,,,,,44,Demand,Households,Development of demand,Per person,Lighting,,0 to +5% pa (excl. efficiency),0,5%,0,5,,,
79.EQ.76.3,,Equivalent,,,,,,45,Demand,Households,Development of demand,Per person,Cooking,,0 to +5% pa (excl. efficiency),0,5%,0,5,,,
80,Euclidean Independent,,,,,,,46,Demand,Households,Development of demand,Per residence,Cooling demand,,0 to +5% pa (excl. efficiency),0,5%,0,5,,,
81,Euclidean Independent,,,,,,,47,Demand,Households,Behaviour,Turn off appliances,,,0 to 100%,0,100%,0,100,,,
82.EQ.81.1,,Equivalent,,,,,,48,Demand,Households,Behaviour,Turn off the light,,,0 to 100%,0,100%,0,100,,,
83.EQ.81.2,,Equivalent,,,,,,49,Demand,Households,Behaviour,Low-temperature washing,,,0 to 100%,0,100%,0,100,,,
SYN.29,Euclidean Independent,,,,,,Synthetic,50,Demand,Buildings,Building stock,Total no. of buildings,,,Current to +2% net pa,5036070,9122143.733,5036071,9122145.544,,,
118,,,SYNsimplex,1,,,,51,Demand,Buildings,Building stock,New buildings,,,Simplex of total ^,0,5036070,0,5036070,,,
119.COM.118,,,SYNsimplex,1,2,,,52,Demand,Buildings,Building stock,Existing buildings,,,Simplex of total ^,0,5036070,0,5036070,,,
120,Euclidean Independent,,,,,,,53,Demand,Buildings,Heat demand & insulation,New buildings,,,Current to -50%,76,152,76,152,,,
121,Euclidean Independent,,,,,,,54,Demand,Buildings,Heat demand & insulation,Present buildings,,,Current to -50%,76,152,76,152,,,
123,,,Simplex,1,,,,55,Demand,Buildings,Space heating & hot water,Space heating and hot water,Condensing combi boiler (gas),,0 to 100% simplex,0,100%,0,100,,,
129.COM.130,,,Simplex,1,,,,56,Demand,Buildings,Space heating & hot water,Space heating and hot water,Air heat pump,,0 to 100% simplex,0,100%,0,100,,,
133.COM.SYN.35,,,Simplex,1,,,,57,Demand,Buildings,Space heating & hot water,Space heating and hot water,Ground heat pump with TS,,0 to 100% simplex,0,100%,0,100,,,
130,,,Simplex,1,,,,58,Demand,Buildings,Space heating & hot water,Space heating and hot water,Hybrid air heat pump (gas),,0 to 100% simplex,0,100%,0,100,,,
136,,,Simplex,1,,,,59,Demand,Buildings,Space heating & hot water,Space heating and hot water,Biomass boiler,,0 to 100% simplex,0,100%,0,100,,,
135.COM.136,,,Simplex,1,6,,,60,Demand,Buildings,Space heating & hot water,Space heating and hot water,Electric boiler,,0 to 100% simplex,0,100%,0,100,,,
139.EQ.130,,,Simplex,1,,,,61,Demand,Buildings,Cooling,Air heat pump (gas),,,0 to 100% simplex,0,100%,0,100,,,
140.EQ.129.COM.130,,,Simplex,1,,,,62,Demand,Buildings,Cooling,Air heat pump,,,0 to 100% simplex,0,100%,0,100,,,
141.EQ.133.COM.SYN.35,,,Simplex,1,,,,63,Demand,Buildings,Cooling,Ground heat pump with TS,,,0 to 100% simplex,0,100%,0,100,,,
143.EQ.123+(SYNCOM.123*SYNCOM.SYN.34),,,Simplex,1,4,,,64,Demand,Buildings,Cooling,Airconditioning,,,0 to 100% simplex,0,100%,0,100,,,
144,Euclidean Independent,,,,,,,65,Demand,Buildings,Appliances,Appliances efficiency,,,0 to +5% improvement pa,0,5%,0,5,,,
148,Euclidean Independent,,,,,,,66,Demand,Buildings,Lighting,Intelligent control,Motion detection,,0 to 100%,0,100%,0,100,,,
149.EQ.148,,Equivalent ,,,,,,67,Demand,Buildings,Lighting,Intelligent control,Daylight-dependent control,,0 to 100%,0,100%,0,100,,,
150,Euclidean Independent,,,,,,,68,Demand,Buildings,Development of demand,Electricity per building,,,0 to +5% pa (excl. efficiency),0,5%,0,5,,,
151,Euclidean Independent,,,,,,,69,Demand,Buildings,Development of demand,Cooling per building,,,0 to +5% pa (excl. efficiency),0,5%,0,5,,,
152,Euclidean Independent,,,,,,,70,Demand,Transport,Passenger transport,Applications,Passenger transport,,+-5% pa,-5%,5%,-5,5,,,
153,,,Simplex,1,,,,71,Demand,Transport,Passenger transport,Applications,Cars,,0 to 100% simplex,0,100%,0,100,,,
154,,,Simplex,1,,,,72,Demand,Transport,Passenger transport,Applications,Trains,,0 to 100% simplex,0,100%,0,100,,,
155,,,Simplex,1,,,,73,Demand,Transport,Passenger transport,Applications,Trams/metros,,0 to 100% simplex,0,100%,0,100,,,
156.SYNCOM.155,,,Simplex,1,,,,74,Demand,Transport,Passenger transport,Applications,Buses,,0 to 100% simplex,0,100%,0,100,,,
157,,,Simplex,1,,,,75,Demand,Transport,Passenger transport,Applications,Motorcycles,,0 to 100% simplex,0,100%,0,100,,,
158.COM.157,,,Simplex,1,,,,76,Demand,Transport,Passenger transport,Applications,Bicycles,,0 to 100% simplex,0,100%,0,100,,,
159.COM.154,,,Simplex,1,7,,,77,Demand,Transport,Passenger transport,Applications,Domestic planes,,0 to 100% simplex,0,100%,0,100,,,
160,,,Simplex,1,,,,78,Demand,Transport,Passenger transport,Car technology,Electric,,0 to 100% simplex,0,100%,0,100,,,
163.COM.160,,,Simplex,1,2,,,79,Demand,Transport,Passenger transport,Car technology,Gasoline,,0 to 100% simplex,0,100%,0,100,,,
166,,,Simplex,1,,,,80,Demand,Transport,Passenger transport,Train technology,Electric,,0 to 100% simplex,0,100%,0,100,,,
168.COM.166,,,Simplex,1,2,,,81,Demand,Transport,Passenger transport,Train technology,Diesel ,,0 to 100% simplex,0,100%,0,100,,,
170,,,Simplex,1,,,,82,Demand,Transport,Passenger transport,Bus technology ,Electric,,0 to 100% simplex,0,100%,0,100,,,
172.COM.170,,,Simplex,1,2,,,83,Demand,Transport,Passenger transport,Bus technology ,Diesel,,0 to 100% simplex,0,100%,0,100,,,
176.COM.177,,,Simplex,1,,,,84,Demand,Transport,Passenger transport,Motorcycle technology,Gasoline,,0 to 100% simplex,0,100%,0,100,,,
177,,,Simplex,1,2,,,85,Demand,Transport,Passenger transport,Motorcycle technology,Electric,,0 to 100% simplex,0,100%,0,100,,,
178.COM.179,,,Simplex,1,,,,86,Demand,Transport,Passenger transport,Bicycle technology,Bike,,0 to 100% simplex,0,100%,0,100,,,
179,,,Simplex,1,2,,,87,Demand,Transport,Passenger transport,Bicycle technology,E-bike,,0 to 100% simplex,0,100%,0,100,,,
185,Euclidean Independent,,,,,,,88,Demand,Transport,Freight transport,Freight transport,,,+-5% pa,-5%,5%,-5,5,,,
186,,,Simplex,1,,,,89,Demand,Transport,Freight transport,Trucks,,,0 to 100% simplex,0,100%,0,100,,,
187.COM.SYN.56,,,Simplex,1,,,,90,Demand,Transport,Freight transport,Trains,,,0 to 100% simplex,0,100%,0,100,,,
188.COM.186,,,Simplex,1,,,,91,Demand,Transport,Freight transport,Vans,,,0 to 100% simplex,0,100%,0,100,,,
189.COM.SYN.55,,,Simplex,1,4,,,92,Demand,Transport,Freight transport,Domestic navigation,,,0 to 100% simplex,0,100%,0,100,,,
190,,,Simplex,1,,,,93,Demand,Transport,Freight transport,Truck technology,Electric,,0 to 100% simplex,0,100%,0,100,,,
192,,,Simplex,1,,,,94,Demand,Transport,Freight transport,Truck technology,Diesel,,0 to 100% simplex,0,100%,0,100,,,
194.COM.192,,,Simplex,1,3,,,95,Demand,Transport,Freight transport,Truck technology,LNG,,0 to 100% simplex,0,100%,0,100,,,
196,,,Simplex,1,,,,96,Demand,Transport,Freight transport,Van technology,Electric,,0 to 100% simplex,0,100%,0,100,,,
198.COM.196,,,Simplex,1,2,,,97,Demand,Transport,Freight transport,Van technology,Diesel,,0 to 100% simplex,0,100%,0,100,,,
202,,,Simplex,1,,,,98,Demand,Transport,Freight transport,Train technology,Electric,,0 to 100% simplex,0,100%,0,100,,,
204.COM.202,,,Simplex,1,2,,,99,Demand,Transport,Freight transport,Train technology,Diesel,,0 to 100% simplex,0,100%,0,100,,,
205,,,Simplex,1,,,,100,Demand,Transport,Freight transport,Domestic navigation technology,Diesel (single / dual / multi-fuel engine),,0 to 100% simplex,0,100%,0,100,,,
206,,,Simplex,1,,,,101,Demand,Transport,Freight transport,Domestic navigation technology,LNG,,0 to 100% simplex,0,100%,0,100,,,
209.COM.206,,,Simplex,1,3,,,102,Demand,Transport,Freight transport,Domestic navigation technology,Ammonia,,0 to 100% simplex,0,100%,0,100,,,
217,,,Simplex,1,,,,103,Demand,Transport,International transport,International navigation technology,HFO,,0 to 100% simplex,0,100%,0,100,,,
218,,,Simplex,1,,,,104,Demand,Transport,International transport,International navigation technology,LNG,,0 to 100% simplex,0,100%,0,100,,,
220.COM.218,,,Simplex,1,3,,,105,Demand,Transport,International transport,International navigation technology,Ammonia,,0 to 100% simplex,0,100%,0,100,,,
222,Euclidean Independent,,,,,,,106,Demand,Industry,Steel,Steel,,,0.5x to 1.5x,50%,150%,50,150,,,
223,,,Simplex,1,,,,107,Demand,Industry,Steel,Production route,Blast furnace,,0 to 100% simplex,0,100%,0,100,,,
224.COM.223,,,Simplex,1,2,,,108,Demand,Industry,Steel,Production route,DRI (network gas),,0 to 100% simplex,0,100%,0,100,,,
228,Euclidean Independent,,,,,,,109,Demand,Industry,Aluminium,Aluminium,,,0.5x to 1.5x,50%,150%,50,150,,,
229,,,Simplex,1,,,,110,Demand,Industry,Aluminium,Production route,Electrolysis,,0 to 100% simplex,0,100%,0,100,,,
230.COM.229,,,Simplex,1,,,,111,Demand,Industry,Aluminium,Production route,Electrolysis BAT,,0 to 100% simplex,0,100%,0,100,,,
232.COM.SYN.XX,,,Simplex,1,3,,,112,Demand,Industry,Aluminium,Production route,Smelt oven (recycling),,0 to 100% simplex,0,100%,0,100,,,
233,Euclidean Independent,,,,,,,113,Demand,Industry,Other metals,Other metals,,,0.5x to 3x,50%,300%,50,300,,,
234,Euclidean Independent,,,,,,,114,Demand,Industry,Other metals,Efficiency improvement (in total),Electricity,,0 to 50% improvement,0%,50%,0,50,,,
235,Euclidean Independent,,,,,,,115,Demand,Industry,Other metals,Efficiency improvement (in total),Heat,,0 to 50% improvement,0%,50%,0,50,,,
236,Euclidean Independent,,,,,,,116,Demand,Industry,Refineries,Size,,,0 to 1x,0%,100%,0,100,,,
237,Euclidean Independent,,,,,,,117,Demand,Industry,Refineries,Efficiency improvement (in total),Electricity,,0 to 50% improvement,0,50%,0,50,,,
238,Euclidean Independent,,,,,,,118,Demand,Industry,Refineries,Efficiency improvement (in total),Heat,,0 to 50% improvement,0,50%,0,50,,,
239,,,Simplex,1,,,,119,Demand,Industry,Refineries,Heat production,Gas-fired heater,,0 to 100% simplex,0,100%,0,100,,,
240,,,Simplex,1,,,,120,Demand,Industry,Refineries,Heat production,Oil-fired heater,,0 to 100% simplex,0,100%,0,100,,,
241.COM.SYN.XX,,,Simplex,1,,,,121,Demand,Industry,Refineries,Heat production,Biomass-fired heater,,0 to 100% simplex,0,100%,0,100,,,
242.COM.240,,,Simplex,1,4,,,122,Demand,Industry,Refineries,Heat production,Coal-fired heater,,0 to 100% simplex,0,100%,0,100,,,
245,Euclidean Independent,,,,,,,123,Demand,Industry,Refineries,Hybrid heating,Power-to-heat boiler for gas and H2 heaters,,0 to ETM max,0,"10,000",0,1990,,,
246,Euclidean Independent,,,,,,,124,Demand,Industry,Fertilisers,Size,,,0.5x to 1.5x,50%,150%,50,150,,,
247,,,Simplex,1,,,,125,Demand,Industry,Fertilisers,Ammonia production route,Local NH3 (steam methane reforming),,0 to 100% simplex,0,100%,0,100,,,
249,,,Simplex,1,2,,,126,Demand,Industry,Fertilisers,Ammonia production route,Central NH3 import,,0 to 100% simplex,0,100%,0,100,,,
250.EQ.237,Euclidean Independent,,,,,,,127,Demand,Industry,Fertilisers,Efficiency improvement (in total),Electricity,,0 to 50% improvement,0%,50%,0,50,,,
251.EQ.238,Euclidean Independent,,,,,,,128,Demand,Industry,Fertilisers,Efficiency improvement (in total),Heat,,0 to 50% improvement,0%,50%,0,50,,,
252.EQ.239,,,Simplex,1,,,,129,Demand,Industry,Fertilisers,Heat production,Gas-fired heater,,0 to 100% simplex,0,100%,0,100,,,
253.EQ.240,,,Simplex,1,,,,130,Demand,Industry,Fertilisers,Heat production,Oil-fired heater,,0 to 100% simplex,0,100%,0,100,,,
254.EQ.241,,,Simplex,1,,,,131,Demand,Industry,Fertilisers,Heat production,Biomass-fired heater,,0 to 100% simplex,0,100%,0,100,,,
255.EQ.242,,,Simplex,1,4,,,132,Demand,Industry,Fertilisers,Heat production,Coal-fired heater,,0 to 100% simplex,0,100%,0,100,,,
258.EQ.245,,,,,,,,133,Demand,Industry,Fertilisers,Hybrid heating,Power-to-heat boiler for gas and H2 heaters,,0 to ETM max,0,"10,000",0,10000,,,
259,Euclidean Independent,,,,,,,134,Demand,Industry,Chemicals,Size,,,0.5x to 1.5x,50%,150%,50,150,,,
260.EQ.237,Euclidean Independent,,,,,,,135,Demand,Industry,Chemicals,Efficiency improvement (in total),Electricity,,0 to 50% improvement,0%,50%,0,50,,,
261.EQ.238,Euclidean Independent,,,,,,,136,Demand,Industry,Chemicals,Efficiency improvement (in total),Heat,,0 to 50% improvement,0%,50%,0,50,,,
262,,,Simplex,1,,,,137,Demand,Industry,Chemicals,Heat production,Gas-fired heater,,0 to 100% simplex,0,100%,0,100,,,industry_chemicals_other_burner_network_gas_share
263,,,Simplex,1,,,,138,Demand,Industry,Chemicals,Heat production,Oil-fired heater,,0 to 100% simplex,0,100%,0,100,,,industry_chemicals_other_burner_crude_oil_share
264,,,Simplex,1,,,,139,Demand,Industry,Chemicals,Heat production,Coal-fired heater,,0 to 100% simplex,0,100%,0,100,,,industry_chemicals_other_burner_coal_share
265,,,Simplex,1,,,,140,Demand,Industry,Chemicals,Heat production,Biomass-fired heater,,0 to 100% simplex,0,100%,0,100,,,industry_chemicals_other_burner_wood_pellets_share
267,,,Simplex,1,,,,141,Demand,Industry,Chemicals,Heat production,Electric boiler,,0 to 100% simplex,0,100%,0,100,,,industry_chemicals_other_heater_electricity_share
268,,,Simplex,1,,,,142,Demand,Industry,Chemicals,Heat production,Mechanical vapour recompression,,0 to 100% simplex,0,100%,0,100,,,industry_chemicals_other_steam_recompression_electricity_share
269,,,Simplex,1,7,,,143,Demand,Industry,Chemicals,Heat production,Heat pump,,0 to 100% simplex,0,100%,0,100,,,industry_chemicals_other_heatpump_water_water_electricity_share
271,Euclidean Independent,,,,,,,144,Demand,Industry,Chemicals,Hybrid heating,Power-to-heat boiler for gas and H2 heaters,,0 to ETM max,0,"10,000",0,10000,,,capacity_of_industry_chemicals_other_flexibility_p2h_electricity
277,Euclidean Independent,,,,,,,145,Demand,Industry,Central ICT,Size,,,1x to 10x,100%,1000%,100,3000,,,
278.EQ.237,Euclidean Independent,,,,,,,146,Demand,Industry,Central ICT,Efficiency improvement (in total),,,0 to 90% improvement,0,90%,0,90,,,
279,Euclidean Independent,,,,,,,147,Demand,Industry,Food ,Size,,,0.5x to 1.5x,50%,150%,50,150,,,
280.EQ.237,Euclidean Independent,,,,,,,148,Demand,Industry,Food ,Efficiency improvement (in total),Electricity,,0 to 50% improvement,0%,50%,0,50,,,
281.EQ.238,Euclidean Independent,,,,,,,149,Demand,Industry,Food ,Efficiency improvement (in total),Heat,,0 to 50% improvement,0%,50%,0,50,,,
282.EQ.239,,,Simplex,1,,,,150,Demand,Industry,Food ,Heat production,Gas-fired heater,,0 to 100% simplex,0,100%,0,100,,,
283.EQ.240,,,Simplex,1,,,,151,Demand,Industry,Food ,Heat production,Oil-fired heater,,0 to 100% simplex,0,100%,0,100,,,
284.EQ.241,,,Simplex,1,,,,152,Demand,Industry,Food ,Heat production,Coal-fired heater,,0 to 100% simplex,0,100%,0,100,,,
285.EQ.242,,,Simplex,1,,,,153,Demand,Industry,Food ,Heat production,Biomass-fired heater,,0 to 100% simplex,0,100%,0,100,,,
287,,,Simplex,1,,,,154,Demand,Industry,Food ,Heat production,Electric boiler,,0 to 100% simplex,0,100%,0,100,,,
289.EQ.245,,,Simplex,1,6,,,155,Demand,Industry,Food ,Hybrid heating,Power-to-heat boiler for gas and H2 heaters,,0 to ETM max,0,"10,000",0,10000,,,
290,Euclidean Independent,,,,,,,156,Demand,Industry,Paper,Size,,,0.5x to 1.5x,50%,150%,50,150,,,
291.EQ.237,Euclidean Independent,,,,,,,157,Demand,Industry,Paper,Efficiency improvement (in total),Electricity,,0 to 50% improvement,0%,50%,0,50,,,
292.EQ.238,Euclidean Independent,,,,,,,158,Demand,Industry,Paper,Efficiency improvement (in total),Heat,,0 to 50% improvement,0%,50%,0,50,,,
293.EQ.239,,,Simplex,1,,,,159,Demand,Industry,Paper,Heat production,Gas-fired heater,,0 to 100% simplex,0,100%,0,100,,,
294.EQ.240,,,Simplex,1,,,,160,Demand,Industry,Paper,Heat production,Oil-fired heater,,0 to 100% simplex,0,100%,0,100,,,
295.EQ.241,,,Simplex,1,,,,161,Demand,Industry,Paper,Heat production,Coal-fired heater,,0 to 100% simplex,0,100%,0,100,,,
296.EQ.242,,,Simplex,1,,,,162,Demand,Industry,Paper,Heat production,Biomass-fired heater,,0 to 100% simplex,0,100%,0,100,,,
298,,,Simplex,1,5,,,163,Demand,Industry,Paper,Heat production,Electric boiler,,0 to 100% simplex,0,100%,0,100,,,
300.EQ.245,Euclidean Independent,,,,,,,164,Demand,Industry,Paper,Hybrid heating,Power-to-heat boiler for gas and H2 heaters,,0 to ETM max,0,"10,000",0,10000,,,
301,Euclidean Independent,,,,,,,165,Demand,Industry,Other,Size (energetic),,,0.5x to 1.5x,50%,150%,50,150,,,
302,Euclidean Independent,,,,,,,166,Demand,Industry,Other,Size (non-energetic),,,0.5x to 1.5x,50%,150%,50,150,,,
303.EQ.237,Euclidean Independent,,,,,,,167,Demand,Industry,Other,Efficiency improvement (in total),Electricity,,0 to 50% improvement,0%,50%,0,50,,,
304.EQ.238,Euclidean Independent,,,,,,,168,Demand,Industry,Other,Efficiency improvement (in total),Heat,,0 to 50% improvement,0%,50%,0,50,,,
329,Euclidean Independent,,,,,,,169,Demand,Agriculture,Development of demand,Electricity,,,0 to +5% pa (excl. efficiency),0,5%,0,5,,,agriculture_useful_demand_electricity
330,Euclidean Independent,,,,,,,170,Demand,Agriculture,Development of demand,Heat,,,0 to +5% pa (excl. efficiency),0,5%,0,5,,,agriculture_useful_demand_useable_heat
331,,,Simplex,1,,,,171,Demand,Agriculture,Heat,Heat production,Gas-fired heater,,0 to 100% simplex,0,100%,0,100,,,
332,,,Simplex,1,,,,172,Demand,Agriculture,Heat,Heat production,Oil-fired heater,,0 to 100% simplex,0,100%,0,100,,,
333,,,Simplex,1,,,,173,Demand,Agriculture,Heat,Heat production,Biomass-fired heater,,0 to 100% simplex,0,100%,0,100,,,
335,,,Simplex,1,,,,174,Demand,Agriculture,Heat,Heat production,Water heat pump,,0 to 100% simplex,0,100%,0,100,,,
336,,,Simplex,1,5,,,175,Demand,Agriculture,Heat,Heat production,Water heat pump with TS,,0 to 100% simplex,0,100%,0,100,,,
341.EQ.245,Euclidean Independent,,,,,,,176,Demand,Agriculture,Heat,Hybrid heating,Power-to heat boiler for gas and H2 heaters,,0 to ETM max,0,"10,000",0,1990,,,
346,Euclidean Independent,,,,,,,177,Demand,Other,Energy demand other users,Electricity,,,+-5% pa,-5%,5%,-5,5,,,
347,Euclidean Independent,,,,,,,178,Demand,Other,Energy demand other users,Heat,,,+-5% pa,-5%,5%,-5,5,,,
348,Euclidean Independent,,,,,,,179,Demand,Other,Energy demand other users,Non-energetic,,,+-5% pa,-5%,5%,-5,5,,,
364,,,,,,Set as 0,,180,Supply,Electricity,Coal plants,Pulverized coal,,,,,,,,,,
365,,,,,,Set as 0,,181,Supply,Electricity,Coal plants,Pulverized coal with co-firing,,,,,,,,,,
366,,,,,,Set as 0,,182,Supply,Electricity,Coal plants,Coal IGCC,,,,,,,,,,
367,,,,,,Set as 0,,183,Supply,Electricity,Coal plants,Coal conventional,,,,,,,,,,
SYN.GEN,Euclidean Independent,,,,,,Synthetic,184,,,Total generation capacity,,,,(Current to realistic max)/2,37450,153000,37450,153000,,,
370,,,Simplex,1,,,,185,Supply,Electricity,Gas plants,Gas CCGT,,,Simplex of total ^,0,153000,0,153000,,,
371,,,,,,Set as 0,,186,Supply,Electricity,Gas plants,Gas turbine,,,,,,,,,,
373,,,,,,Set as 0,,187,Supply,Electricity,Gas plants,Gas combustion engine,,,,,,,,,,
379,,,Simplex,1,,,,188,Supply,Electricity,Nuclear plants,Large reactors,Nuclear 3rd Gen,,Simplex of total ^,0,153000,0,153000,,,
380,,,,,,Set as ON,,189,Supply,Electricity,Nuclear plants,Large reactors,Dispatchable [OFF] / must-run [ON],,,,,,,,,
382,,,Simplex,1,,,,190,Supply,Electricity,Coal gas plants,Energy production,,,0 to 100% simplex,0,100%,0,100,,,
383.COM.382,,,Simplex,1,2,,,191,Supply,Electricity,Coal gas plants,Chemical feedstock,,,0 to 100% simplex,0,100%,0,100,,,
384,,,Simplex,1,,,,192,Supply,Renewable electricity,Wind turbines,Onshore inland,,,Simplex of total ^,0,153000,0,153000,,,
385,,,Simplex,1,,,,193,Supply,Renewable electricity,Wind turbines,Onshore coast,,,Simplex of total ^,0,153000,0,153000,,,
386,,,Simplex,1,,,,194,Supply,Renewable electricity,Wind turbines,Offshore,,,Simplex of total ^,0,153000,0,153000,,,
388,,,Simplex,1,,,,195,Supply,Renewable electricity,Wind turbines,Onshore inland with battery system,,,Simplex of total ^,0,153000,0,153000,,,
389,,,Simplex,1,,,,196,Supply,Renewable electricity,Solar power,Solar PV households,,,Simplex of total ^,0,153000,0,153000,,,
390,,,Simplex,1,,,,197,Supply,Renewable electricity,Solar power,Solar PV buildings,,,Simplex of total ^,0,153000,0,153000,,,
391,,,Simplex,1,,,,198,Supply,Renewable electricity,Solar power,Solar PV plants onshore,,,Simplex of total ^,0,153000,0,153000,,,
392,,,Simplex,1,,,,199,Supply,Renewable electricity,Solar power,Solar PV plants onshore with battery system,,,Simplex of total ^,0,153000,0,153000,,,
394,,,Simplex,1,,,,200,Supply,Renewable electricity,Hydroelectric power,River,,,Simplex of total ^,0,153000,0,153000,,,
395,,,Simplex,1,,,,201,Supply,Renewable electricity,Hydroelectric power,Mountain,,,Simplex of total ^,0,153000,0,153000,,,
398,,,Simplex,1,,,,202,Supply,Renewable electricity,Biomass plants,Must-run capacity,Biomass power plant,,Simplex of total ^,0,153000,0,153000,,,
400,,,Simplex,1,15,,,203,Supply,Renewable electricity,Biomass plants,Dispatchable capacity,Biomass power plant,,Simplex of total ^,0,153000,0,153000,,,
401,,,Simplex,1,,,,204,Supply,Renewable electricity,Waste power,Waste incinerator,,,Simplex of total ^,0,153000,0,153000,,,
529.COM.530,,,Simplex,1,,,,205,Supply,Transport fuels,Road transport,Composition diesel,Diesel,,0 to 100% simplex,0,100%,0,100,,,
530,,,Simplex,1,2,,,206,Supply,Transport fuels,Road transport,Composition diesel,Biodiesel,,0 to 100% simplex,0,100%,0,100,,,
531.COM.532,,,Simplex,1,,,,207,Supply,Transport fuels,Road transport,Composition gasoline,Gasoline,,0 to 100% simplex,0,100%,0,100,,,
532,,,Simplex,1,2,,,208,Supply,Transport fuels,Road transport,Composition gasoline,Bio-ethanol,,0 to 100% simplex,0,100%,0,100,,,
533.COM.534,,,Simplex,1,,,,209,Supply,Transport fuels,Road transport,Composition LNG,LNG,,0 to 100% simplex,0,100%,0,100,,,
534,,,Simplex,1,2,,,210,Supply,Transport fuels,Road transport,Composition LNG,Bio-LNG,,0 to 100% simplex,0,100%,0,100,,,
535.COM.536,,,Simplex,1,,,,211,Supply,Transport fuels,Rail transport,Diesel,,,0 to 100% simplex,0,100%,0,100,,,
536,,,Simplex,1,2,,,212,Supply,Transport fuels,Rail transport,Biodiesel,,,0 to 100% simplex,0,100%,0,100,,,
537.COM.538,,,Simplex,1,,,,213,Supply,Transport fuels,Domestic navigation,Fuel mix diesel (single / dual / muti-fuel ships),Diesel,,0 to 100% simplex,0,100%,0,100,,,
538,,,Simplex,1,,,,214,Supply,Transport fuels,Domestic navigation,Fuel mix diesel (single / dual / muti-fuel ships),Biodiesel,,0 to 100% simplex,0,100%,0,100,,,
539.COM.540,,,Simplex,1,,,,215,Supply,Transport fuels,Domestic navigation,Fuel mix diesel (single / dual / muti-fuel ships),LNG,,0 to 100% simplex,0,100%,0,100,,,
540,,,Simplex,1,,,,216,Supply,Transport fuels,Domestic navigation,Fuel mix diesel (single / dual / muti-fuel ships),Bio-LNG,,0 to 100% simplex,0,100%,0,100,,,
541,,,Simplex,1,,,,217,Supply,Transport fuels,Domestic navigation,Fuel mix diesel (single / dual / muti-fuel ships),Bio-ethanol,,0 to 100% simplex,0,100%,0,100,,,
542.COM.541,,,Simplex,1,6,,,218,Supply,Transport fuels,Domestic navigation,Fuel mix diesel (single / dual / muti-fuel ships),Heavy fuel oil,,0 to 100% simplex,0,100%,0,100,,,
543.COM.544,,,Simplex,1,,,,219,Supply,Transport fuels,Domestic navigation,Fuel mix LNG ships,LNG,,0 to 100% simplex,0,100%,0,100,,,
544,,,Simplex,1,2,,,220,Supply,Transport fuels,Domestic navigation,Fuel mix LNG ships,Bio-LNG,,0 to 100% simplex,0,100%,0,100,,,
545.COM.546,,,Simplex,1,,,,221,Supply,Transport fuels,International aviation,Kerosene,,,0 to 100% simplex,0,100%,0,100,,,
546,,,Simplex,1,2,,,222,Supply,Transport fuels,International aviation,Bio-kerosene,,,0 to 100% simplex,0,100%,0,100,,,
551.COM.552,,,Simplex,1,,,,223,Supply,Transport fuels,Biomass,Gas mix in gas network,Composition of gases in gas network,Natural gas,0 to 100% simplex,0,100%,0,100,,,
552,,,Simplex,1,2,,,224,Supply,Transport fuels,Biomass,Gas mix in gas network,Composition of gases in gas network,Green gas,0 to 100% simplex,0,100%,0,100,,,
554,,,Simplex,1,,,,225,Supply,Transport fuels,Biomass,Gas mix in gas network,Composition of natural gas,Natural gas,0 to 100% simplex,0,100%,0,100,,,
555.COM.554,,,Simplex,1,2,,,226,Supply,Transport fuels,Biomass,Gas mix in gas network,Composition of natural gas,Regasified LNG,0 to 100% simplex,0,100%,0,100,,,
560.COM.561,,,Simplex,1,,,,227,Supply,Transport fuels,Biomass,Biocoal and bio-oil in energy plants,Coal plant,Coal,0 to 100% simplex,0,100%,0,100,,,
561,,,Simplex,1,2,,,228,Supply,Transport fuels,Biomass,Biocoal and bio-oil in energy plants,Coal plant,Biocoal,0 to 100% simplex,0,100%,0,100,,,
585.COM.586,,,Simplex,1,,,,229,Supply,Transport fuels,Biomass,Oil mix in demand sectors,Energetic oil mix industry,Diesel,0 to 100% simplex,0,100%,0,100,,,
586,,,Simplex,1,,,,230,Supply,Transport fuels,Biomass,Oil mix in demand sectors,Energetic oil mix industry,Biodiesel,0 to 100% simplex,0,100%,0,100,,,
587.COM.588,,,Simplex,1,,,,231,Supply,Transport fuels,Biomass,Oil mix in demand sectors,Energetic oil mix industry,Kerosene,0 to 100% simplex,0,100%,0,100,,,
588,,,Simplex,1,,,,232,Supply,Transport fuels,Biomass,Oil mix in demand sectors,Energetic oil mix industry,Bio kerosene,0 to 100% simplex,0,100%,0,100,,,
590.COM.591,,,Simplex,1,,,,233,Supply,Transport fuels,Biomass,Oil mix in demand sectors,Energetic oil mix industry,Other oil,0 to 100% simplex,0,100%,0,100,,,
591,,,Simplex,1,6,,,234,Supply,Transport fuels,Biomass,Oil mix in demand sectors,Energetic oil mix industry,Other bio oil,0 to 100% simplex,0,100%,0,100,,,
592.COM.593,,,Simplex,1,,,,235,Supply,Transport fuels,Biomass,Oil mix in demand sectors,Energetic oil mix agriculture,Diesel,0 to 100% simplex,0,100%,0,100,,,
593,,,Simplex,1,,,,236,Supply,Transport fuels,Biomass,Oil mix in demand sectors,Energetic oil mix agriculture,Biodiesel,0 to 100% simplex,0,100%,0,100,,,
594.COM.595,,,Simplex,1,,,,237,Supply,Transport fuels,Biomass,Oil mix in demand sectors,Energetic oil mix agriculture,Kerosene,0 to 100% simplex,0,100%,0,100,,,
595,,,Simplex,1,,,,238,Supply,Transport fuels,Biomass,Oil mix in demand sectors,Energetic oil mix agriculture,Bio kerosene,0 to 100% simplex,0,100%,0,100,,,
597.COM.598,,,Simplex,1,,,,239,Supply,Transport fuels,Biomass,Oil mix in demand sectors,Energetic oil mix agriculture,Other oil,0 to 100% simplex,0,100%,0,100,,,
598,,,Simplex,1,6,,,240,Supply,Transport fuels,Biomass,Oil mix in demand sectors,Energetic oil mix agriculture,Other bio oil,0 to 100% simplex,0,100%,0,100,,,
603,Euclidean Independent,,,,,,,241,Flexibility,Electricity storage,Batteries in households,Technical specifications,Market penetration,,0 to 100%,0,100%,0,100,,,
604,Euclidean Independent,,,,,,,242,Flexibility,Electricity storage,Batteries in households,Technical specifications,Relative storage volume,,ETM min max,0.5,30,0.5,30,,,
607,,,,,,Set to ON,,243,Flexibility,Electricity storage,Batteries in households,Forecasting algorithm,,,,,,,,,,
608,Euclidean Independent,,,,,,,244,Flexibility,Electricity storage,Batteries in electric vehicles,Technical specifications cars,Deployable capacity,,0 to 100%,0,100%,0,100,,,
609,Euclidean Independent,,,,,,,245,Flexibility,Electricity storage,Batteries in electric vehicles,Technical specifications cars,Relative storage volume,,ETM min max,0.5,30,0.5,30,,,
610,Euclidean Independent,,,,,,,246,Flexibility,Electricity storage,Batteries in electric vehicles,Technical specifications buses,Deployable capacity,,0 to 100%,0,100%,0,100,,,
611,Euclidean Independent,,,,,,,247,Flexibility,Electricity storage,Batteries in electric vehicles,Technical specifications buses,Relative storage volume,,ETM min max,0.5,30,0.5,30,,,
612,Euclidean Independent,,,,,,,248,Flexibility,Electricity storage,Batteries in electric vehicles,Technical specifications trucks,Deployable capacity,,0 to 100%,0,100%,0,100,,,
613,Euclidean Independent,,,,,,,249,Flexibility,Electricity storage,Batteries in electric vehicles,Technical specifications trucks,Relative storage volume,,ETM min max,0.5,30,0.5,30,,,
614,Euclidean Independent,,,,,,,250,Flexibility,Electricity storage,Batteries in electric vehicles,Technical specifications vans,Deployable capacity,,0 to 100%,0,100%,0,100,,,
615,Euclidean Independent,,,,,,,251,Flexibility,Electricity storage,Batteries in electric vehicles,Technical specifications vans,Relative storage volume,,ETM min max,0.5,30,0.5,30,,,
SYN.STOR-MW,Euclidean Independent,,,,,,Synthetic,252,,,,Total dedicated storage capacity,,,FES 2025 (highest scenario),0,40400,0,40400,,,
619,,,SYNsimplex,1,,,,253,Flexibility,Large-scale batteries,Technical specifications,Installed capacity,,,Simplex of total ^,0,40400,0,40400,,,
620,Euclidean Independent,,,,,,,254,Flexibility,Large-scale batteries,Technical specifications,Relative storage volume,,,ETM min max,0.5,30,0.5,30,,,
624,,,SYNsimplex,1,,,,255,Flexibility,Reservoirs,Technical specifications,Installed capacity,,,Simplex of total ^,0,40400,0,40400,,,
625,Euclidean Independent,,,,,,,256,Flexibility,Reservoirs,Technical specifications,Relative storage volume,,,ETM min max,0.5,100,0.5,100,,,
629,,,SYNsimplex,1,,,,257,Flexibility,Underground pumped hydro storage,Technical specifications,Installed capacity,,,Simplex of total ^,0,40400,0,40400,,,
630,Euclidean Independent,,,,,,,258,Flexibility,Underground pumped hydro storage,Technical specifications,Relative storage volume,,,ETM min max,0.5,100,0.5,100,,,
634,,,SYNsimplex,1,4,,,259,Flexibility,Flow batteries,Technical specifications,Installed capacity,,,Simplex of total ^,0,40400,0,40400,,,
635,Euclidean Independent,,,,,,,260,Flexibility,Flow batteries,Technical specifications,Relative storage volume,,,ETM min max,0.5,100,0.5,100,,,
639,Euclidean Independent,,,,,,,261,Flexibility,Wind turbines with storage systems,Onshore inland wind turbines,Relative grid connection capacity,,,0 to 100%,0,100%,0,100,,,
640,Euclidean Independent,,,,,,,262,Flexibility,Wind turbines with storage systems,Onshore inland wind turbines,Relative battery capacity,,,ETM min max,0,500%,0,500,,,
641,Euclidean Independent,,,,,,,263,Flexibility,Wind turbines with storage systems,Onshore inland wind turbines,Relative storage volume,,,ETM min max,0.5,30,0.5,30,,,
642,Euclidean Independent,,,,,,,264,Flexibility,Solar plants with storage systems,Solar PV plants,Relative grid connection capacity,,,0 to 100%,0,100%,0,100,,,
643,Euclidean Independent,,,,,,,265,Flexibility,Solar plants with storage systems,Solar PV plants,Relative battery capacity,,,ETM min max,0,500%,0,500,,,
644,Euclidean Independent,,,,,,,266,Flexibility,Solar plants with storage systems,Solar PV plants,Relative storage volume,,,ETM min max,0.5,30,0.5,30,,,
667,Euclidean Independent,,,,,,,267,Flexibility,Net load,Curtailment - solar PV,Curtailment,Solar PV households,,0 to yr max for a region,0%,32%,0,32,,,
668,Euclidean Independent,,,,,,,268,Flexibility,Net load,Curtailment - solar PV,Curtailment,Solar PV buildings,,0 to yr max for a region,0%,32%,0,32,,,
669,Euclidean Independent,,,,,,,269,Flexibility,Net load,Curtailment - solar PV,Curtailment,Solar PV plants,,0 to yr max for a region,0%,32%,0,32,,,
670,Euclidean Independent,,,,,,,270,Flexibility,Net load,Curtailment - solar PV,Curtailment,Solar PV plants offshore,,0 to yr max for a region,0%,32%,0,32,,,
674,Euclidean Independent,,,,,,,271,Flexibility,Net load,Demand response - load shifting in industry,Load shifting metal industry,Load reduction capacity,,0 to 50%,0,50%,0,50,,,
675,Euclidean Independent,,,,,,,272,Flexibility,Net load,Demand response - load shifting in industry,,Load increase capacity,,0 to 50%,0,50%,0,50,,,
676,Euclidean Independent,,,,,,,273,Flexibility,Net load,Demand response - load shifting in industry,,Willingness to accept,,ETM min max,0.1,3000,0.1,3000,,,
677,Euclidean Independent,,,,,,,274,Flexibility,Net load,Demand response - load shifting in industry,,Deficit limit,,ETM min max,0,500,0,500,,,
678.EQ.674,Euclidean Independent,,,,,,,275,Flexibility,Net load,Demand response - load shifting in industry,Load shifting chemical industry,Load reduction capacity,,0 to 50%,0,50%,0,50,,,
679.EQ.675,Euclidean Independent,,,,,,,276,Flexibility,Net load,Demand response - load shifting in industry,,Load increase capacity,,0 to 50%,0,50%,0,50,,,
680.EQ.676,Euclidean Independent,,,,,,,277,Flexibility,Net load,Demand response - load shifting in industry,,Willingness to accept,,ETM min max,0.1,3000,0.1,3000,,,
681.EQ.677,Euclidean Independent,,,,,,,278,Flexibility,Net load,Demand response - load shifting in industry,,Deficit limit,,ETM min max,0,500,0,500,,,
682.EQ.674,Euclidean Independent,,,,,,,279,Flexibility,Net load,Demand response - load shifting in industry,Load shifting other industry,Load reduction capacity,,0 to 50%,0,50%,0,50,,,
683.EQ.675,Euclidean Independent,,,,,,,280,Flexibility,Net load,Demand response - load shifting in industry,,Load increase capacity,,0 to 50%,0,50%,0,50,,,
684.EQ.676,Euclidean Independent,,,,,,,281,Flexibility,Net load,Demand response - load shifting in industry,,Willingness to accept,,ETM min max,0.1,3000,0.1,3000,,,
685.EQ.677,Euclidean Independent,,,,,,,282,Flexibility,Net load,Demand response - load shifting in industry,,Deficit limit,,ETM min max,0,500,0,500,,,
686.EQ.674,Euclidean Independent,,,,,,,283,Flexibility,Net load,Demand response - load shifting in industry,Load shifting ICT,Load reduction capacity,,0 to 50%,0,50%,0,50,,,
687.EQ.675,Euclidean Independent,,,,,,,284,Flexibility,Net load,Demand response - load shifting in industry,,Load increase capacity,,0 to 50%,0,50%,0,50,,,
688.EQ.676,Euclidean Independent,,,,,,,285,Flexibility,Net load,Demand response - load shifting in industry,,Willingness to accept,,ETM min max,0.1,3000,0.1,3000,,,
689.EQ.677,Euclidean Independent,,,,,,,286,Flexibility,Net load,Demand response - load shifting in industry,,Deficit limit,,ETM min max,0,500,0,500,,,
690,,,Simplex,1,,,,287,Flexibility,Net load,Demand response - electric vehicles,Charging strategy for electric vehicles,Public charging,,0 to 100% simplex,0,100%,0,100,,,
691,,,Simplex,1,,,,288,Flexibility,Net load,Demand response - electric vehicles,Charging strategy for electric vehicles,Charging at home,,0 to 100% simplex,0,100%,0,100,,,
692,,,Simplex,1,,,,289,Flexibility,Net load,Demand response - electric vehicles,Charging strategy for electric vehicles,Fast charging,,0 to 100% simplex,0,100%,0,100,,,
693.COM.692,,,Simplex,1,4,,,290,Flexibility,Net load,Demand response - electric vehicles,Charging strategy for electric vehicles,Charging at work,,0 to 100% simplex,0,100%,0,100,,,
700,,,,,,Set as 0,,291,Flexibility,Import/Export,Interconnector 1,Interconnector capacity,,,,,,,,,,
706,,,,,,Set as 0,,292,Flexibility,Import/Export,Interconnector 2 to 12,Interconnector capacity,,,,,,,,,,
712,Euclidean Independent,,,,,,,293,Flexibility,Weather conditions,Temperature,Outdoor temperature,,,-0.5C to +3.5C,-0.5,3.5,-0.5,3.5,,,
713,Euclidean Independent,,,,,,,294,Flexibility,Weather conditions,Full load hours,Onshore inland,,,ETM range,2482,3500,2482,3500,,,
714,Euclidean Independent,,,,,,,295,Flexibility,Weather conditions,Full load hours,Onshore coastal,,,ETM range,3174,4500,3174,4500,,,
715,Euclidean Independent,,,,,,,296,Flexibility,Weather conditions,Full load hours,Offshore,,,ETM range,3174,6500,3174,6500,,,
717,Euclidean Independent,,,,,,,297,Flexibility,Weather conditions,Full load hours,Solar PV,,,ETM range,755,1361,755,1361,,,
772,Euclidean Independent,,,,,,,298,Emissions,Emission factors,CO2 emissions of imported hydrogen carriers and ammonia,Ammonia,,,0 to ETM default,0,348,0,348,,,
918,Euclidean Independent,,,,,,,299,Costs & efficiencies,Transport,Electric vehicles,,,,ETM min max,0,3%,0,3,,,
919,Euclidean Independent,,,,,,,300,Costs & efficiencies,Transport,Hydrogen vehicles,,,,ETM min max,0,3%,0,3,,,
920,Euclidean Independent,,,,,,,301,Costs & efficiencies,Transport,Combustion engine vehicles,,,,ETM min max,0,3%,0,3,,,
921,Euclidean Independent,,,,,,,302,Costs & efficiencies,Transport,Trains,,,,ETM min max,0,3%,0,3,,,
922,Euclidean Independent,,,,,,,303,Costs & efficiencies,Transport,Ships,,,,ETM min max,0,3%,0,3,,,
923,Euclidean Independent,,,,,,,304,Costs & efficiencies,Transport,Airplanes,,,,ETM min max,0,3%,0,3,,,
933,Euclidean Independent,,,,,,,305,Costs & efficiencies,Flexibility,Value of lost load,Value of lost load (VoLL),,,ETM min max,300,20000,300,20000,,,
939,Euclidean Independent,,,,,,,306,Costs & efficiencies,Flexibility,Electricity storage,Round-trip efficiency,Batteries in households,,ETM range,80%,100%,80,100,,,
940,Euclidean Independent,,,,,,,307,Costs & efficiencies,Flexibility,Electricity storage,Round-trip efficiency,Batteries in electric vehicles,,ETM range,77%,97%,77,97,,,
941,Euclidean Independent,,,,,,,308,Costs & efficiencies,Flexibility,Electricity storage,Round-trip efficiency,Large-scale batteries,,ETM range,75%,95%,75,95,,,
942,Euclidean Independent,,,,,,,309,Costs & efficiencies,Flexibility,Electricity storage,Round-trip efficiency,Reservoirs,,ETM range,70%,90%,70,90,,,
943,Euclidean Independent,,,,,,,310,Costs & efficiencies,Flexibility,Electricity storage,Round-trip efficiency,Underground pumped hydro storage,,ETM range,70%,90%,70,90,,,
944,Euclidean Independent,,,,,,,311,Costs & efficiencies,Flexibility,Electricity storage,Round-trip efficiency,Flow batteries,,ETM range,60%,80%,60,80,,,
,,,Simplex D,159,,EI D:,114,,,,,,,,,,,,,,,
,,,Simplex D check,160,,Equivalent D:,27,,,,,,,,,,,,,,,
,,,Simplex D loss,42,,Static D:,10,,,,,,,,,,,,,,,
,,,Actual D,231,,Total D:,311,,,,,,,,,,,,,,,
,,,,,,Total D check:,310,,,,,,,,,,,,,,,
,,,Parent EI D:,SYN.29,,,,,,,,,,,,,,,,,,
,,,,SYN.GEN,,,Child Simplex D:,Parent EI D:,,,,,,,,,,,,,,
,,,,SYN.STOR-MW,,,118,SYN.29,,,,,,,,,,,,,,
,,,,,,,119.COM.118,SYN.29,,,,,,,,,,,,,,
,,,,,,,370,SYN.GEN,,,,,,,,,,,,,,
,,,,,,,379,SYN.GEN,,,,,,,,,,,,,,
,,,,,,,384,SYN.GEN,,,,,,,,,,,,,,
,,,,,,,385,SYN.GEN,,,,,,,,,,,,,,
,,,,,,,386,SYN.GEN,,,,,,,,,,,,,,
,,,,,,,388,SYN.GEN,,,,,,,,,,,,,,
,,,,,,,389,SYN.GEN,,,,,,,,,,,,,,
,,,,,,,390,SYN.GEN,,,,,,,,,,,,,,
,,,,,,,391,SYN.GEN,,,,,,,,,,,,,,
,,,,,,,392,SYN.GEN,,,,,,,,,,,,,,
,,,,,,,394,SYN.GEN,,,,,,,,,,,,,,
,,,,,,,395,SYN.GEN,,,,,,,,,,,,,,
,,,,,,,398,SYN.GEN,,,,,,,,,,,,,,
,,,,,,,400,SYN.GEN,,,,,,,,,,,,,,
,,,,,,,401,SYN.GEN,,,,,,,,,,,,,,
,,,,,,,619,SYN.STOR-MW,,,,,,,,,,,,,,
,,,,,,,624,SYN.STOR-MW,,,,,,,,,,,,,,
,,,,,,,629,SYN.STOR-MW,,,,,,,,,,,,,,
,,,,,,,634,SYN.STOR-MW,,,,,,,,,,,,,,
